DI16_1,DI16_2,DI16_3,DI16_2,DI32_1,DI32_2,DI32_3,DI32_4,DO16_1,DO16_2,DO16_3,DO16_4,DO32_1,DO32_2,DO32_3,DO32_4
/*N:1 {::[P01]local:1:I.Data.0} NOFILL DP:0*/   local:1:I.Data.0  I1/0,/*N:1 {::[P01]local:2:I.Data.0} NOFILL DP:0*/   local:2:I.Data.0  I1/0,/*N:1 {::[P01]local:3:I.Data.0} NOFILL DP:0*/   local:3:I.Data.0  I1/0,/*N:1 {::[P01]local:4:I.Data.0} NOFILL DP:0*/   local:4:I.Data.0  I1/0,/*N:1 {::[P01]local:1:I.Data.0} NOFILL DP:0*/   local:1:I.Data.0  I1/0,/*N:1 {::[P01]local:2:I.Data.0} NOFILL DP:0*/   local:2:I.Data.0  I1/0,/*N:1 {::[P01]local:3:I.Data.0} NOFILL DP:0*/   local:3:I.Data.0  I1/0,/*N:1 {::[P01]local:4:I.Data.0} NOFILL DP:0*/   local:4:I.Data.0  I1/0,/*N:1 {::[P01]local:1:O.Data.0} NOFILL DP:0*/   local:1:O.Data.0  I1/0,/*N:1 {::[P01]local:2:O.Data.0} NOFILL DP:0*/   local:2:O.Data.0  I1/0,/*N:1 {::[P01]local:3:O.Data.0} NOFILL DP:0*/   local:3:O.Data.0  I1/0,/*N:1 {::[P01]local:4:O.Data.0} NOFILL DP:0*/   local:4:O.Data.0  I1/0,/*N:1 {::[P01]local:1:O.Data.0} NOFILL DP:0*/   local:1:O.Data.0  I1/0,/*N:1 {::[P01]local:2:O.Data.0} NOFILL DP:0*/   local:2:O.Data.0  I1/0,/*N:1 {::[P01]local:3:O.Data.0} NOFILL DP:0*/   local:3:O.Data.0  I1/0,/*N:1 {::[P01]local:4:O.Data.0} NOFILL DP:0*/   local:4:O.Data.0  I1/0
/*N:1 {::[P01]local:1:I.Data.1} NOFILL DP:0*/   local:1:I.Data.1  I1/1,/*N:1 {::[P01]local:2:I.Data.1} NOFILL DP:0*/   local:2:I.Data.1  I1/1,/*N:1 {::[P01]local:3:I.Data.1} NOFILL DP:0*/   local:3:I.Data.1  I1/1,/*N:1 {::[P01]local:4:I.Data.1} NOFILL DP:0*/   local:4:I.Data.1  I1/1,/*N:1 {::[P01]local:1:I.Data.1} NOFILL DP:0*/   local:1:I.Data.1  I1/1,/*N:1 {::[P01]local:2:I.Data.1} NOFILL DP:0*/   local:2:I.Data.1  I1/1,/*N:1 {::[P01]local:3:I.Data.1} NOFILL DP:0*/   local:3:I.Data.1  I1/1,/*N:1 {::[P01]local:4:I.Data.1} NOFILL DP:0*/   local:4:I.Data.1  I1/1,/*N:1 {::[P01]local:1:O.Data.1} NOFILL DP:0*/   local:1:O.Data.1  I1/1,/*N:1 {::[P01]local:2:O.Data.1} NOFILL DP:0*/   local:2:O.Data.1  I1/1,/*N:1 {::[P01]local:3:O.Data.1} NOFILL DP:0*/   local:3:O.Data.1  I1/1,/*N:1 {::[P01]local:4:O.Data.1} NOFILL DP:0*/   local:4:O.Data.1  I1/1,/*N:1 {::[P01]local:1:O.Data.1} NOFILL DP:0*/   local:1:O.Data.1  I1/1,/*N:1 {::[P01]local:2:O.Data.1} NOFILL DP:0*/   local:2:O.Data.1  I1/1,/*N:1 {::[P01]local:3:O.Data.1} NOFILL DP:0*/   local:3:O.Data.1  I1/1,/*N:1 {::[P01]local:4:O.Data.1} NOFILL DP:0*/   local:4:O.Data.1  I1/1
/*N:1 {::[P01]local:1:I.Data.2} NOFILL DP:0*/   local:1:I.Data.2  I1/2,/*N:1 {::[P01]local:2:I.Data.2} NOFILL DP:0*/   local:2:I.Data.2  I1/2,/*N:1 {::[P01]local:3:I.Data.2} NOFILL DP:0*/   local:3:I.Data.2  I1/2,/*N:1 {::[P01]local:4:I.Data.2} NOFILL DP:0*/   local:4:I.Data.2  I1/2,/*N:1 {::[P01]local:1:I.Data.2} NOFILL DP:0*/   local:1:I.Data.2  I1/2,/*N:1 {::[P01]local:2:I.Data.2} NOFILL DP:0*/   local:2:I.Data.2  I1/2,/*N:1 {::[P01]local:3:I.Data.2} NOFILL DP:0*/   local:3:I.Data.2  I1/2,/*N:1 {::[P01]local:4:I.Data.2} NOFILL DP:0*/   local:4:I.Data.2  I1/2,/*N:1 {::[P01]local:1:O.Data.2} NOFILL DP:0*/   local:1:O.Data.2  I1/2,/*N:1 {::[P01]local:2:O.Data.2} NOFILL DP:0*/   local:2:O.Data.2  I1/2,/*N:1 {::[P01]local:3:O.Data.2} NOFILL DP:0*/   local:3:O.Data.2  I1/2,/*N:1 {::[P01]local:4:O.Data.2} NOFILL DP:0*/   local:4:O.Data.2  I1/2,/*N:1 {::[P01]local:1:O.Data.2} NOFILL DP:0*/   local:1:O.Data.2  I1/2,/*N:1 {::[P01]local:2:O.Data.2} NOFILL DP:0*/   local:2:O.Data.2  I1/2,/*N:1 {::[P01]local:3:O.Data.2} NOFILL DP:0*/   local:3:O.Data.2  I1/2,/*N:1 {::[P01]local:4:O.Data.2} NOFILL DP:0*/   local:4:O.Data.2  I1/2
/*N:1 {::[P01]local:1:I.Data.3} NOFILL DP:0*/   local:1:I.Data.3  I1/3,/*N:1 {::[P01]local:2:I.Data.3} NOFILL DP:0*/   local:2:I.Data.3  I1/3,/*N:1 {::[P01]local:3:I.Data.3} NOFILL DP:0*/   local:3:I.Data.3  I1/3,/*N:1 {::[P01]local:4:I.Data.3} NOFILL DP:0*/   local:4:I.Data.3  I1/3,/*N:1 {::[P01]local:1:I.Data.3} NOFILL DP:0*/   local:1:I.Data.3  I1/3,/*N:1 {::[P01]local:2:I.Data.3} NOFILL DP:0*/   local:2:I.Data.3  I1/3,/*N:1 {::[P01]local:3:I.Data.3} NOFILL DP:0*/   local:3:I.Data.3  I1/3,/*N:1 {::[P01]local:4:I.Data.3} NOFILL DP:0*/   local:4:I.Data.3  I1/3,/*N:1 {::[P01]local:1:O.Data.3} NOFILL DP:0*/   local:1:O.Data.3  I1/3,/*N:1 {::[P01]local:2:O.Data.3} NOFILL DP:0*/   local:2:O.Data.3  I1/3,/*N:1 {::[P01]local:3:O.Data.3} NOFILL DP:0*/   local:3:O.Data.3  I1/3,/*N:1 {::[P01]local:4:O.Data.3} NOFILL DP:0*/   local:4:O.Data.3  I1/3,/*N:1 {::[P01]local:1:O.Data.3} NOFILL DP:0*/   local:1:O.Data.3  I1/3,/*N:1 {::[P01]local:2:O.Data.3} NOFILL DP:0*/   local:2:O.Data.3  I1/3,/*N:1 {::[P01]local:3:O.Data.3} NOFILL DP:0*/   local:3:O.Data.3  I1/3,/*N:1 {::[P01]local:4:O.Data.3} NOFILL DP:0*/   local:4:O.Data.3  I1/3
/*N:1 {::[P01]local:1:I.Data.4} NOFILL DP:0*/   local:1:I.Data.4  I1/4,/*N:1 {::[P01]local:2:I.Data.4} NOFILL DP:0*/   local:2:I.Data.4  I1/4,/*N:1 {::[P01]local:3:I.Data.4} NOFILL DP:0*/   local:3:I.Data.4  I1/4,/*N:1 {::[P01]local:4:I.Data.4} NOFILL DP:0*/   local:4:I.Data.4  I1/4,/*N:1 {::[P01]local:1:I.Data.4} NOFILL DP:0*/   local:1:I.Data.4  I1/4,/*N:1 {::[P01]local:2:I.Data.4} NOFILL DP:0*/   local:2:I.Data.4  I1/4,/*N:1 {::[P01]local:3:I.Data.4} NOFILL DP:0*/   local:3:I.Data.4  I1/4,/*N:1 {::[P01]local:4:I.Data.4} NOFILL DP:0*/   local:4:I.Data.4  I1/4,/*N:1 {::[P01]local:1:O.Data.4} NOFILL DP:0*/   local:1:O.Data.4  I1/4,/*N:1 {::[P01]local:2:O.Data.4} NOFILL DP:0*/   local:2:O.Data.4  I1/4,/*N:1 {::[P01]local:3:O.Data.4} NOFILL DP:0*/   local:3:O.Data.4  I1/4,/*N:1 {::[P01]local:4:O.Data.4} NOFILL DP:0*/   local:4:O.Data.4  I1/4,/*N:1 {::[P01]local:1:O.Data.4} NOFILL DP:0*/   local:1:O.Data.4  I1/4,/*N:1 {::[P01]local:2:O.Data.4} NOFILL DP:0*/   local:2:O.Data.4  I1/4,/*N:1 {::[P01]local:3:O.Data.4} NOFILL DP:0*/   local:3:O.Data.4  I1/4,/*N:1 {::[P01]local:4:O.Data.4} NOFILL DP:0*/   local:4:O.Data.4  I1/4
/*N:1 {::[P01]local:1:I.Data.5} NOFILL DP:0*/   local:1:I.Data.5  I1/5,/*N:1 {::[P01]local:2:I.Data.5} NOFILL DP:0*/   local:2:I.Data.5  I1/5,/*N:1 {::[P01]local:3:I.Data.5} NOFILL DP:0*/   local:3:I.Data.5  I1/5,/*N:1 {::[P01]local:4:I.Data.5} NOFILL DP:0*/   local:4:I.Data.5  I1/5,/*N:1 {::[P01]local:1:I.Data.5} NOFILL DP:0*/   local:1:I.Data.5  I1/5,/*N:1 {::[P01]local:2:I.Data.5} NOFILL DP:0*/   local:2:I.Data.5  I1/5,/*N:1 {::[P01]local:3:I.Data.5} NOFILL DP:0*/   local:3:I.Data.5  I1/5,/*N:1 {::[P01]local:4:I.Data.5} NOFILL DP:0*/   local:4:I.Data.5  I1/5,/*N:1 {::[P01]local:1:O.Data.5} NOFILL DP:0*/   local:1:O.Data.5  I1/5,/*N:1 {::[P01]local:2:O.Data.5} NOFILL DP:0*/   local:2:O.Data.5  I1/5,/*N:1 {::[P01]local:3:O.Data.5} NOFILL DP:0*/   local:3:O.Data.5  I1/5,/*N:1 {::[P01]local:4:O.Data.5} NOFILL DP:0*/   local:4:O.Data.5  I1/5,/*N:1 {::[P01]local:1:O.Data.5} NOFILL DP:0*/   local:1:O.Data.5  I1/5,/*N:1 {::[P01]local:2:O.Data.5} NOFILL DP:0*/   local:2:O.Data.5  I1/5,/*N:1 {::[P01]local:3:O.Data.5} NOFILL DP:0*/   local:3:O.Data.5  I1/5,/*N:1 {::[P01]local:4:O.Data.5} NOFILL DP:0*/   local:4:O.Data.5  I1/5
/*N:1 {::[P01]local:1:I.Data.6} NOFILL DP:0*/   local:1:I.Data.6  I1/6,/*N:1 {::[P01]local:2:I.Data.6} NOFILL DP:0*/   local:2:I.Data.6  I1/6,/*N:1 {::[P01]local:3:I.Data.6} NOFILL DP:0*/   local:3:I.Data.6  I1/6,/*N:1 {::[P01]local:4:I.Data.6} NOFILL DP:0*/   local:4:I.Data.6  I1/6,/*N:1 {::[P01]local:1:I.Data.6} NOFILL DP:0*/   local:1:I.Data.6  I1/6,/*N:1 {::[P01]local:2:I.Data.6} NOFILL DP:0*/   local:2:I.Data.6  I1/6,/*N:1 {::[P01]local:3:I.Data.6} NOFILL DP:0*/   local:3:I.Data.6  I1/6,/*N:1 {::[P01]local:4:I.Data.6} NOFILL DP:0*/   local:4:I.Data.6  I1/6,/*N:1 {::[P01]local:1:O.Data.6} NOFILL DP:0*/   local:1:O.Data.6  I1/6,/*N:1 {::[P01]local:2:O.Data.6} NOFILL DP:0*/   local:2:O.Data.6  I1/6,/*N:1 {::[P01]local:3:O.Data.6} NOFILL DP:0*/   local:3:O.Data.6  I1/6,/*N:1 {::[P01]local:4:O.Data.6} NOFILL DP:0*/   local:4:O.Data.6  I1/6,/*N:1 {::[P01]local:1:O.Data.6} NOFILL DP:0*/   local:1:O.Data.6  I1/6,/*N:1 {::[P01]local:2:O.Data.6} NOFILL DP:0*/   local:2:O.Data.6  I1/6,/*N:1 {::[P01]local:3:O.Data.6} NOFILL DP:0*/   local:3:O.Data.6  I1/6,/*N:1 {::[P01]local:4:O.Data.6} NOFILL DP:0*/   local:4:O.Data.6  I1/6
/*N:1 {::[P01]local:1:I.Data.7} NOFILL DP:0*/   local:1:I.Data.7  I1/7,/*N:1 {::[P01]local:2:I.Data.7} NOFILL DP:0*/   local:2:I.Data.7  I1/7,/*N:1 {::[P01]local:3:I.Data.7} NOFILL DP:0*/   local:3:I.Data.7  I1/7,/*N:1 {::[P01]local:4:I.Data.7} NOFILL DP:0*/   local:4:I.Data.7  I1/7,/*N:1 {::[P01]local:1:I.Data.7} NOFILL DP:0*/   local:1:I.Data.7  I1/7,/*N:1 {::[P01]local:2:I.Data.7} NOFILL DP:0*/   local:2:I.Data.7  I1/7,/*N:1 {::[P01]local:3:I.Data.7} NOFILL DP:0*/   local:3:I.Data.7  I1/7,/*N:1 {::[P01]local:4:I.Data.7} NOFILL DP:0*/   local:4:I.Data.7  I1/7,/*N:1 {::[P01]local:1:O.Data.7} NOFILL DP:0*/   local:1:O.Data.7  I1/7,/*N:1 {::[P01]local:2:O.Data.7} NOFILL DP:0*/   local:2:O.Data.7  I1/7,/*N:1 {::[P01]local:3:O.Data.7} NOFILL DP:0*/   local:3:O.Data.7  I1/7,/*N:1 {::[P01]local:4:O.Data.7} NOFILL DP:0*/   local:4:O.Data.7  I1/7,/*N:1 {::[P01]local:1:O.Data.7} NOFILL DP:0*/   local:1:O.Data.7  I1/7,/*N:1 {::[P01]local:2:O.Data.7} NOFILL DP:0*/   local:2:O.Data.7  I1/7,/*N:1 {::[P01]local:3:O.Data.7} NOFILL DP:0*/   local:3:O.Data.7  I1/7,/*N:1 {::[P01]local:4:O.Data.7} NOFILL DP:0*/   local:4:O.Data.7  I1/7
/*N:1 {::[P01]local:1:I.Data.8} NOFILL DP:0*/   local:1:I.Data.8  I1/8,/*N:1 {::[P01]local:2:I.Data.8} NOFILL DP:0*/   local:2:I.Data.8  I1/8,/*N:1 {::[P01]local:3:I.Data.8} NOFILL DP:0*/   local:3:I.Data.8  I1/8,/*N:1 {::[P01]local:4:I.Data.8} NOFILL DP:0*/   local:4:I.Data.8  I1/8,/*N:1 {::[P01]local:1:I.Data.8} NOFILL DP:0*/   local:1:I.Data.8  I1/8,/*N:1 {::[P01]local:2:I.Data.8} NOFILL DP:0*/   local:2:I.Data.8  I1/8,/*N:1 {::[P01]local:3:I.Data.8} NOFILL DP:0*/   local:3:I.Data.8  I1/8,/*N:1 {::[P01]local:4:I.Data.8} NOFILL DP:0*/   local:4:I.Data.8  I1/8,/*N:1 {::[P01]local:1:O.Data.8} NOFILL DP:0*/   local:1:O.Data.8  I1/8,/*N:1 {::[P01]local:2:O.Data.8} NOFILL DP:0*/   local:2:O.Data.8  I1/8,/*N:1 {::[P01]local:3:O.Data.8} NOFILL DP:0*/   local:3:O.Data.8  I1/8,/*N:1 {::[P01]local:4:O.Data.8} NOFILL DP:0*/   local:4:O.Data.8  I1/8,/*N:1 {::[P01]local:1:O.Data.8} NOFILL DP:0*/   local:1:O.Data.8  I1/8,/*N:1 {::[P01]local:2:O.Data.8} NOFILL DP:0*/   local:2:O.Data.8  I1/8,/*N:1 {::[P01]local:3:O.Data.8} NOFILL DP:0*/   local:3:O.Data.8  I1/8,/*N:1 {::[P01]local:4:O.Data.8} NOFILL DP:0*/   local:4:O.Data.8  I1/8
/*N:1 {::[P01]local:1:I.Data.9} NOFILL DP:0*/   local:1:I.Data.9  I1/9,/*N:1 {::[P01]local:2:I.Data.9} NOFILL DP:0*/   local:2:I.Data.9  I1/9,/*N:1 {::[P01]local:3:I.Data.9} NOFILL DP:0*/   local:3:I.Data.9  I1/9,/*N:1 {::[P01]local:4:I.Data.9} NOFILL DP:0*/   local:4:I.Data.9  I1/9,/*N:1 {::[P01]local:1:I.Data.9} NOFILL DP:0*/   local:1:I.Data.9  I1/9,/*N:1 {::[P01]local:2:I.Data.9} NOFILL DP:0*/   local:2:I.Data.9  I1/9,/*N:1 {::[P01]local:3:I.Data.9} NOFILL DP:0*/   local:3:I.Data.9  I1/9,/*N:1 {::[P01]local:4:I.Data.9} NOFILL DP:0*/   local:4:I.Data.9  I1/9,/*N:1 {::[P01]local:1:O.Data.9} NOFILL DP:0*/   local:1:O.Data.9  I1/9,/*N:1 {::[P01]local:2:O.Data.9} NOFILL DP:0*/   local:2:O.Data.9  I1/9,/*N:1 {::[P01]local:3:O.Data.9} NOFILL DP:0*/   local:3:O.Data.9  I1/9,/*N:1 {::[P01]local:4:O.Data.9} NOFILL DP:0*/   local:4:O.Data.9  I1/9,/*N:1 {::[P01]local:1:O.Data.9} NOFILL DP:0*/   local:1:O.Data.9  I1/9,/*N:1 {::[P01]local:2:O.Data.9} NOFILL DP:0*/   local:2:O.Data.9  I1/9,/*N:1 {::[P01]local:3:O.Data.9} NOFILL DP:0*/   local:3:O.Data.9  I1/9,/*N:1 {::[P01]local:4:O.Data.9} NOFILL DP:0*/   local:4:O.Data.9  I1/9
/*N:1 {::[P01]local:1:I.Data.10} NOFILL DP:0*/   local:1:I.Data.10  I1/10,/*N:1 {::[P01]local:2:I.Data.10} NOFILL DP:0*/   local:2:I.Data.10  I1/10,/*N:1 {::[P01]local:3:I.Data.10} NOFILL DP:0*/   local:3:I.Data.10  I1/10,/*N:1 {::[P01]local:4:I.Data.10} NOFILL DP:0*/   local:4:I.Data.10  I1/10,/*N:1 {::[P01]local:1:I.Data.10} NOFILL DP:0*/   local:1:I.Data.10  I1/10,/*N:1 {::[P01]local:2:I.Data.10} NOFILL DP:0*/   local:2:I.Data.10  I1/10,/*N:1 {::[P01]local:3:I.Data.10} NOFILL DP:0*/   local:3:I.Data.10  I1/10,/*N:1 {::[P01]local:4:I.Data.10} NOFILL DP:0*/   local:4:I.Data.10  I1/10,/*N:1 {::[P01]local:1:O.Data.10} NOFILL DP:0*/   local:1:O.Data.10  I1/10,/*N:1 {::[P01]local:2:O.Data.10} NOFILL DP:0*/   local:2:O.Data.10  I1/10,/*N:1 {::[P01]local:3:O.Data.10} NOFILL DP:0*/   local:3:O.Data.10  I1/10,/*N:1 {::[P01]local:4:O.Data.10} NOFILL DP:0*/   local:4:O.Data.10  I1/10,/*N:1 {::[P01]local:1:O.Data.10} NOFILL DP:0*/   local:1:O.Data.10  I1/10,/*N:1 {::[P01]local:2:O.Data.10} NOFILL DP:0*/   local:2:O.Data.10  I1/10,/*N:1 {::[P01]local:3:O.Data.10} NOFILL DP:0*/   local:3:O.Data.10  I1/10,/*N:1 {::[P01]local:4:O.Data.10} NOFILL DP:0*/   local:4:O.Data.10  I1/10
/*N:1 {::[P01]local:1:I.Data.11} NOFILL DP:0*/   local:1:I.Data.11  I1/11,/*N:1 {::[P01]local:2:I.Data.11} NOFILL DP:0*/   local:2:I.Data.11  I1/11,/*N:1 {::[P01]local:3:I.Data.11} NOFILL DP:0*/   local:3:I.Data.11  I1/11,/*N:1 {::[P01]local:4:I.Data.11} NOFILL DP:0*/   local:4:I.Data.11  I1/11,/*N:1 {::[P01]local:1:I.Data.11} NOFILL DP:0*/   local:1:I.Data.11  I1/11,/*N:1 {::[P01]local:2:I.Data.11} NOFILL DP:0*/   local:2:I.Data.11  I1/11,/*N:1 {::[P01]local:3:I.Data.11} NOFILL DP:0*/   local:3:I.Data.11  I1/11,/*N:1 {::[P01]local:4:I.Data.11} NOFILL DP:0*/   local:4:I.Data.11  I1/11,/*N:1 {::[P01]local:1:O.Data.11} NOFILL DP:0*/   local:1:O.Data.11  I1/11,/*N:1 {::[P01]local:2:O.Data.11} NOFILL DP:0*/   local:2:O.Data.11  I1/11,/*N:1 {::[P01]local:3:O.Data.11} NOFILL DP:0*/   local:3:O.Data.11  I1/11,/*N:1 {::[P01]local:4:O.Data.11} NOFILL DP:0*/   local:4:O.Data.11  I1/11,/*N:1 {::[P01]local:1:O.Data.11} NOFILL DP:0*/   local:1:O.Data.11  I1/11,/*N:1 {::[P01]local:2:O.Data.11} NOFILL DP:0*/   local:2:O.Data.11  I1/11,/*N:1 {::[P01]local:3:O.Data.11} NOFILL DP:0*/   local:3:O.Data.11  I1/11,/*N:1 {::[P01]local:4:O.Data.11} NOFILL DP:0*/   local:4:O.Data.11  I1/11
/*N:1 {::[P01]local:1:I.Data.12} NOFILL DP:0*/   local:1:I.Data.12  I1/12,/*N:1 {::[P01]local:2:I.Data.12} NOFILL DP:0*/   local:2:I.Data.12  I1/12,/*N:1 {::[P01]local:3:I.Data.12} NOFILL DP:0*/   local:3:I.Data.12  I1/12,/*N:1 {::[P01]local:4:I.Data.12} NOFILL DP:0*/   local:4:I.Data.12  I1/12,/*N:1 {::[P01]local:1:I.Data.12} NOFILL DP:0*/   local:1:I.Data.12  I1/12,/*N:1 {::[P01]local:2:I.Data.12} NOFILL DP:0*/   local:2:I.Data.12  I1/12,/*N:1 {::[P01]local:3:I.Data.12} NOFILL DP:0*/   local:3:I.Data.12  I1/12,/*N:1 {::[P01]local:4:I.Data.12} NOFILL DP:0*/   local:4:I.Data.12  I1/12,/*N:1 {::[P01]local:1:O.Data.12} NOFILL DP:0*/   local:1:O.Data.12  I1/12,/*N:1 {::[P01]local:2:O.Data.12} NOFILL DP:0*/   local:2:O.Data.12  I1/12,/*N:1 {::[P01]local:3:O.Data.12} NOFILL DP:0*/   local:3:O.Data.12  I1/12,/*N:1 {::[P01]local:4:O.Data.12} NOFILL DP:0*/   local:4:O.Data.12  I1/12,/*N:1 {::[P01]local:1:O.Data.12} NOFILL DP:0*/   local:1:O.Data.12  I1/12,/*N:1 {::[P01]local:2:O.Data.12} NOFILL DP:0*/   local:2:O.Data.12  I1/12,/*N:1 {::[P01]local:3:O.Data.12} NOFILL DP:0*/   local:3:O.Data.12  I1/12,/*N:1 {::[P01]local:4:O.Data.12} NOFILL DP:0*/   local:4:O.Data.12  I1/12
/*N:1 {::[P01]local:1:I.Data.13} NOFILL DP:0*/   local:1:I.Data.13  I1/13,/*N:1 {::[P01]local:2:I.Data.13} NOFILL DP:0*/   local:2:I.Data.13  I1/13,/*N:1 {::[P01]local:3:I.Data.13} NOFILL DP:0*/   local:3:I.Data.13  I1/13,/*N:1 {::[P01]local:4:I.Data.13} NOFILL DP:0*/   local:4:I.Data.13  I1/13,/*N:1 {::[P01]local:1:I.Data.13} NOFILL DP:0*/   local:1:I.Data.13  I1/13,/*N:1 {::[P01]local:2:I.Data.13} NOFILL DP:0*/   local:2:I.Data.13  I1/13,/*N:1 {::[P01]local:3:I.Data.13} NOFILL DP:0*/   local:3:I.Data.13  I1/13,/*N:1 {::[P01]local:4:I.Data.13} NOFILL DP:0*/   local:4:I.Data.13  I1/13,/*N:1 {::[P01]local:1:O.Data.13} NOFILL DP:0*/   local:1:O.Data.13  I1/13,/*N:1 {::[P01]local:2:O.Data.13} NOFILL DP:0*/   local:2:O.Data.13  I1/13,/*N:1 {::[P01]local:3:O.Data.13} NOFILL DP:0*/   local:3:O.Data.13  I1/13,/*N:1 {::[P01]local:4:O.Data.13} NOFILL DP:0*/   local:4:O.Data.13  I1/13,/*N:1 {::[P01]local:1:O.Data.13} NOFILL DP:0*/   local:1:O.Data.13  I1/13,/*N:1 {::[P01]local:2:O.Data.13} NOFILL DP:0*/   local:2:O.Data.13  I1/13,/*N:1 {::[P01]local:3:O.Data.13} NOFILL DP:0*/   local:3:O.Data.13  I1/13,/*N:1 {::[P01]local:4:O.Data.13} NOFILL DP:0*/   local:4:O.Data.13  I1/13
/*N:1 {::[P01]local:1:I.Data.14} NOFILL DP:0*/   local:1:I.Data.14  I1/14,/*N:1 {::[P01]local:2:I.Data.14} NOFILL DP:0*/   local:2:I.Data.14  I1/14,/*N:1 {::[P01]local:3:I.Data.14} NOFILL DP:0*/   local:3:I.Data.14  I1/14,/*N:1 {::[P01]local:4:I.Data.14} NOFILL DP:0*/   local:4:I.Data.14  I1/14,/*N:1 {::[P01]local:1:I.Data.14} NOFILL DP:0*/   local:1:I.Data.14  I1/14,/*N:1 {::[P01]local:2:I.Data.14} NOFILL DP:0*/   local:2:I.Data.14  I1/14,/*N:1 {::[P01]local:3:I.Data.14} NOFILL DP:0*/   local:3:I.Data.14  I1/14,/*N:1 {::[P01]local:4:I.Data.14} NOFILL DP:0*/   local:4:I.Data.14  I1/14,/*N:1 {::[P01]local:1:O.Data.14} NOFILL DP:0*/   local:1:O.Data.14  I1/14,/*N:1 {::[P01]local:2:O.Data.14} NOFILL DP:0*/   local:2:O.Data.14  I1/14,/*N:1 {::[P01]local:3:O.Data.14} NOFILL DP:0*/   local:3:O.Data.14  I1/14,/*N:1 {::[P01]local:4:O.Data.14} NOFILL DP:0*/   local:4:O.Data.14  I1/14,/*N:1 {::[P01]local:1:O.Data.14} NOFILL DP:0*/   local:1:O.Data.14  I1/14,/*N:1 {::[P01]local:2:O.Data.14} NOFILL DP:0*/   local:2:O.Data.14  I1/14,/*N:1 {::[P01]local:3:O.Data.14} NOFILL DP:0*/   local:3:O.Data.14  I1/14,/*N:1 {::[P01]local:4:O.Data.14} NOFILL DP:0*/   local:4:O.Data.14  I1/14
/*N:1 {::[P01]local:1:I.Data.15} NOFILL DP:0*/   local:1:I.Data.15  I1/15,/*N:1 {::[P01]local:2:I.Data.15} NOFILL DP:0*/   local:2:I.Data.15  I1/15,/*N:1 {::[P01]local:3:I.Data.15} NOFILL DP:0*/   local:3:I.Data.15  I1/15,/*N:1 {::[P01]local:4:I.Data.15} NOFILL DP:0*/   local:4:I.Data.15  I1/15,/*N:1 {::[P01]local:1:I.Data.15} NOFILL DP:0*/   local:1:I.Data.15  I1/15,/*N:1 {::[P01]local:2:I.Data.15} NOFILL DP:0*/   local:2:I.Data.15  I1/15,/*N:1 {::[P01]local:3:I.Data.15} NOFILL DP:0*/   local:3:I.Data.15  I1/15,/*N:1 {::[P01]local:4:I.Data.15} NOFILL DP:0*/   local:4:I.Data.15  I1/15,/*N:1 {::[P01]local:1:O.Data.15} NOFILL DP:0*/   local:1:O.Data.15  I1/15,/*N:1 {::[P01]local:2:O.Data.15} NOFILL DP:0*/   local:2:O.Data.15  I1/15,/*N:1 {::[P01]local:3:O.Data.15} NOFILL DP:0*/   local:3:O.Data.15  I1/15,/*N:1 {::[P01]local:4:O.Data.15} NOFILL DP:0*/   local:4:O.Data.15  I1/15,/*N:1 {::[P01]local:1:O.Data.15} NOFILL DP:0*/   local:1:O.Data.15  I1/15,/*N:1 {::[P01]local:2:O.Data.15} NOFILL DP:0*/   local:2:O.Data.15  I1/15,/*N:1 {::[P01]local:3:O.Data.15} NOFILL DP:0*/   local:3:O.Data.15  I1/15,/*N:1 {::[P01]local:4:O.Data.15} NOFILL DP:0*/   local:4:O.Data.15  I1/15
,,,,/*N:1 {::[P01]local:1:I.Data.16} NOFILL DP:0*/   local:1:I.Data.16  I1/16,/*N:1 {::[P01]local:2:I.Data.16} NOFILL DP:0*/   local:2:I.Data.16  I1/16,/*N:1 {::[P01]local:3:I.Data.16} NOFILL DP:0*/   local:3:I.Data.16  I1/16,/*N:1 {::[P01]local:4:I.Data.16} NOFILL DP:0*/   local:4:I.Data.16  I1/16,,,,,/*N:1 {::[P01]local:1:O.Data.16} NOFILL DP:0*/   local:1:O.Data.16  I1/16,/*N:1 {::[P01]local:2:O.Data.16} NOFILL DP:0*/   local:2:O.Data.16  I1/16,/*N:1 {::[P01]local:3:O.Data.16} NOFILL DP:0*/   local:3:O.Data.16  I1/16,/*N:1 {::[P01]local:4:O.Data.16} NOFILL DP:0*/   local:4:O.Data.16  I1/16
,,,,/*N:1 {::[P01]local:1:I.Data.17} NOFILL DP:0*/   local:1:I.Data.17  I1/17,/*N:1 {::[P01]local:2:I.Data.17} NOFILL DP:0*/   local:2:I.Data.17  I1/17,/*N:1 {::[P01]local:3:I.Data.17} NOFILL DP:0*/   local:3:I.Data.17  I1/17,/*N:1 {::[P01]local:4:I.Data.17} NOFILL DP:0*/   local:4:I.Data.17  I1/17,,,,,/*N:1 {::[P01]local:1:O.Data.17} NOFILL DP:0*/   local:1:O.Data.17  I1/17,/*N:1 {::[P01]local:2:O.Data.17} NOFILL DP:0*/   local:2:O.Data.17  I1/17,/*N:1 {::[P01]local:3:O.Data.17} NOFILL DP:0*/   local:3:O.Data.17  I1/17,/*N:1 {::[P01]local:4:O.Data.17} NOFILL DP:0*/   local:4:O.Data.17  I1/17
,,,,/*N:1 {::[P01]local:1:I.Data.18} NOFILL DP:0*/   local:1:I.Data.18  I1/18,/*N:1 {::[P01]local:2:I.Data.18} NOFILL DP:0*/   local:2:I.Data.18  I1/18,/*N:1 {::[P01]local:3:I.Data.18} NOFILL DP:0*/   local:3:I.Data.18  I1/18,/*N:1 {::[P01]local:4:I.Data.18} NOFILL DP:0*/   local:4:I.Data.18  I1/18,,,,,/*N:1 {::[P01]local:1:O.Data.18} NOFILL DP:0*/   local:1:O.Data.18  I1/18,/*N:1 {::[P01]local:2:O.Data.18} NOFILL DP:0*/   local:2:O.Data.18  I1/18,/*N:1 {::[P01]local:3:O.Data.18} NOFILL DP:0*/   local:3:O.Data.18  I1/18,/*N:1 {::[P01]local:4:O.Data.18} NOFILL DP:0*/   local:4:O.Data.18  I1/18
,,,,/*N:1 {::[P01]local:1:I.Data.19} NOFILL DP:0*/   local:1:I.Data.19  I1/19,/*N:1 {::[P01]local:2:I.Data.19} NOFILL DP:0*/   local:2:I.Data.19  I1/19,/*N:1 {::[P01]local:3:I.Data.19} NOFILL DP:0*/   local:3:I.Data.19  I1/19,/*N:1 {::[P01]local:4:I.Data.19} NOFILL DP:0*/   local:4:I.Data.19  I1/19,,,,,/*N:1 {::[P01]local:1:O.Data.19} NOFILL DP:0*/   local:1:O.Data.19  I1/19,/*N:1 {::[P01]local:2:O.Data.19} NOFILL DP:0*/   local:2:O.Data.19  I1/19,/*N:1 {::[P01]local:3:O.Data.19} NOFILL DP:0*/   local:3:O.Data.19  I1/19,/*N:1 {::[P01]local:4:O.Data.19} NOFILL DP:0*/   local:4:O.Data.19  I1/19
,,,,/*N:1 {::[P01]local:1:I.Data.20} NOFILL DP:0*/   local:1:I.Data.20  I1/20,/*N:1 {::[P01]local:2:I.Data.20} NOFILL DP:0*/   local:2:I.Data.20  I1/20,/*N:1 {::[P01]local:3:I.Data.20} NOFILL DP:0*/   local:3:I.Data.20  I1/20,/*N:1 {::[P01]local:4:I.Data.20} NOFILL DP:0*/   local:4:I.Data.20  I1/20,,,,,/*N:1 {::[P01]local:1:O.Data.20} NOFILL DP:0*/   local:1:O.Data.20  I1/20,/*N:1 {::[P01]local:2:O.Data.20} NOFILL DP:0*/   local:2:O.Data.20  I1/20,/*N:1 {::[P01]local:3:O.Data.20} NOFILL DP:0*/   local:3:O.Data.20  I1/20,/*N:1 {::[P01]local:4:O.Data.20} NOFILL DP:0*/   local:4:O.Data.20  I1/20
,,,,/*N:1 {::[P01]local:1:I.Data.21} NOFILL DP:0*/   local:1:I.Data.21  I1/21,/*N:1 {::[P01]local:2:I.Data.21} NOFILL DP:0*/   local:2:I.Data.21  I1/21,/*N:1 {::[P01]local:3:I.Data.21} NOFILL DP:0*/   local:3:I.Data.21  I1/21,/*N:1 {::[P01]local:4:I.Data.21} NOFILL DP:0*/   local:4:I.Data.21  I1/21,,,,,/*N:1 {::[P01]local:1:O.Data.21} NOFILL DP:0*/   local:1:O.Data.21  I1/21,/*N:1 {::[P01]local:2:O.Data.21} NOFILL DP:0*/   local:2:O.Data.21  I1/21,/*N:1 {::[P01]local:3:O.Data.21} NOFILL DP:0*/   local:3:O.Data.21  I1/21,/*N:1 {::[P01]local:4:O.Data.21} NOFILL DP:0*/   local:4:O.Data.21  I1/21
,,,,/*N:1 {::[P01]local:1:I.Data.22} NOFILL DP:0*/   local:1:I.Data.22  I1/22,/*N:1 {::[P01]local:2:I.Data.22} NOFILL DP:0*/   local:2:I.Data.22  I1/22,/*N:1 {::[P01]local:3:I.Data.22} NOFILL DP:0*/   local:3:I.Data.22  I1/22,/*N:1 {::[P01]local:4:I.Data.22} NOFILL DP:0*/   local:4:I.Data.22  I1/22,,,,,/*N:1 {::[P01]local:1:O.Data.22} NOFILL DP:0*/   local:1:O.Data.22  I1/22,/*N:1 {::[P01]local:2:O.Data.22} NOFILL DP:0*/   local:2:O.Data.22  I1/22,/*N:1 {::[P01]local:3:O.Data.22} NOFILL DP:0*/   local:3:O.Data.22  I1/22,/*N:1 {::[P01]local:4:O.Data.22} NOFILL DP:0*/   local:4:O.Data.22  I1/22
,,,,/*N:1 {::[P01]local:1:I.Data.23} NOFILL DP:0*/   local:1:I.Data.23  I1/23,/*N:1 {::[P01]local:2:I.Data.23} NOFILL DP:0*/   local:2:I.Data.23  I1/23,/*N:1 {::[P01]local:3:I.Data.23} NOFILL DP:0*/   local:3:I.Data.23  I1/23,/*N:1 {::[P01]local:4:I.Data.23} NOFILL DP:0*/   local:4:I.Data.23  I1/23,,,,,/*N:1 {::[P01]local:1:O.Data.23} NOFILL DP:0*/   local:1:O.Data.23  I1/23,/*N:1 {::[P01]local:2:O.Data.23} NOFILL DP:0*/   local:2:O.Data.23  I1/23,/*N:1 {::[P01]local:3:O.Data.23} NOFILL DP:0*/   local:3:O.Data.23  I1/23,/*N:1 {::[P01]local:4:O.Data.23} NOFILL DP:0*/   local:4:O.Data.23  I1/23
,,,,/*N:1 {::[P01]local:1:I.Data.24} NOFILL DP:0*/   local:1:I.Data.24  I1/24,/*N:1 {::[P01]local:2:I.Data.24} NOFILL DP:0*/   local:2:I.Data.24  I1/24,/*N:1 {::[P01]local:3:I.Data.24} NOFILL DP:0*/   local:3:I.Data.24  I1/24,/*N:1 {::[P01]local:4:I.Data.24} NOFILL DP:0*/   local:4:I.Data.24  I1/24,,,,,/*N:1 {::[P01]local:1:O.Data.24} NOFILL DP:0*/   local:1:O.Data.24  I1/24,/*N:1 {::[P01]local:2:O.Data.24} NOFILL DP:0*/   local:2:O.Data.24  I1/24,/*N:1 {::[P01]local:3:O.Data.24} NOFILL DP:0*/   local:3:O.Data.24  I1/24,/*N:1 {::[P01]local:4:O.Data.24} NOFILL DP:0*/   local:4:O.Data.24  I1/24
,,,,/*N:1 {::[P01]local:1:I.Data.25} NOFILL DP:0*/   local:1:I.Data.25  I1/25,/*N:1 {::[P01]local:2:I.Data.25} NOFILL DP:0*/   local:2:I.Data.25  I1/25,/*N:1 {::[P01]local:3:I.Data.25} NOFILL DP:0*/   local:3:I.Data.25  I1/25,/*N:1 {::[P01]local:4:I.Data.25} NOFILL DP:0*/   local:4:I.Data.25  I1/25,,,,,/*N:1 {::[P01]local:1:O.Data.25} NOFILL DP:0*/   local:1:O.Data.25  I1/25,/*N:1 {::[P01]local:2:O.Data.25} NOFILL DP:0*/   local:2:O.Data.25  I1/25,/*N:1 {::[P01]local:3:O.Data.25} NOFILL DP:0*/   local:3:O.Data.25  I1/25,/*N:1 {::[P01]local:4:O.Data.25} NOFILL DP:0*/   local:4:O.Data.25  I1/25
,,,,/*N:1 {::[P01]local:1:I.Data.26} NOFILL DP:0*/   local:1:I.Data.26  I1/26,/*N:1 {::[P01]local:2:I.Data.26} NOFILL DP:0*/   local:2:I.Data.26  I1/26,/*N:1 {::[P01]local:3:I.Data.26} NOFILL DP:0*/   local:3:I.Data.26  I1/26,/*N:1 {::[P01]local:4:I.Data.26} NOFILL DP:0*/   local:4:I.Data.26  I1/26,,,,,/*N:1 {::[P01]local:1:O.Data.26} NOFILL DP:0*/   local:1:O.Data.26  I1/26,/*N:1 {::[P01]local:2:O.Data.26} NOFILL DP:0*/   local:2:O.Data.26  I1/26,/*N:1 {::[P01]local:3:O.Data.26} NOFILL DP:0*/   local:3:O.Data.26  I1/26,/*N:1 {::[P01]local:4:O.Data.26} NOFILL DP:0*/   local:4:O.Data.26  I1/26
,,,,/*N:1 {::[P01]local:1:I.Data.27} NOFILL DP:0*/   local:1:I.Data.27  I1/27,/*N:1 {::[P01]local:2:I.Data.27} NOFILL DP:0*/   local:2:I.Data.27  I1/27,/*N:1 {::[P01]local:3:I.Data.27} NOFILL DP:0*/   local:3:I.Data.27  I1/27,/*N:1 {::[P01]local:4:I.Data.27} NOFILL DP:0*/   local:4:I.Data.27  I1/27,,,,,/*N:1 {::[P01]local:1:O.Data.27} NOFILL DP:0*/   local:1:O.Data.27  I1/27,/*N:1 {::[P01]local:2:O.Data.27} NOFILL DP:0*/   local:2:O.Data.27  I1/27,/*N:1 {::[P01]local:3:O.Data.27} NOFILL DP:0*/   local:3:O.Data.27  I1/27,/*N:1 {::[P01]local:4:O.Data.27} NOFILL DP:0*/   local:4:O.Data.27  I1/27
,,,,/*N:1 {::[P01]local:1:I.Data.28} NOFILL DP:0*/   local:1:I.Data.28  I1/28,/*N:1 {::[P01]local:2:I.Data.28} NOFILL DP:0*/   local:2:I.Data.28  I1/28,/*N:1 {::[P01]local:3:I.Data.28} NOFILL DP:0*/   local:3:I.Data.28  I1/28,/*N:1 {::[P01]local:4:I.Data.28} NOFILL DP:0*/   local:4:I.Data.28  I1/28,,,,,/*N:1 {::[P01]local:1:O.Data.28} NOFILL DP:0*/   local:1:O.Data.28  I1/28,/*N:1 {::[P01]local:2:O.Data.28} NOFILL DP:0*/   local:2:O.Data.28  I1/28,/*N:1 {::[P01]local:3:O.Data.28} NOFILL DP:0*/   local:3:O.Data.28  I1/28,/*N:1 {::[P01]local:4:O.Data.28} NOFILL DP:0*/   local:4:O.Data.28  I1/28
,,,,/*N:1 {::[P01]local:1:I.Data.29} NOFILL DP:0*/   local:1:I.Data.29  I1/29,/*N:1 {::[P01]local:2:I.Data.29} NOFILL DP:0*/   local:2:I.Data.29  I1/29,/*N:1 {::[P01]local:3:I.Data.29} NOFILL DP:0*/   local:3:I.Data.29  I1/29,/*N:1 {::[P01]local:4:I.Data.29} NOFILL DP:0*/   local:4:I.Data.29  I1/29,,,,,/*N:1 {::[P01]local:1:O.Data.29} NOFILL DP:0*/   local:1:O.Data.29  I1/29,/*N:1 {::[P01]local:2:O.Data.29} NOFILL DP:0*/   local:2:O.Data.29  I1/29,/*N:1 {::[P01]local:3:O.Data.29} NOFILL DP:0*/   local:3:O.Data.29  I1/29,/*N:1 {::[P01]local:4:O.Data.29} NOFILL DP:0*/   local:4:O.Data.29  I1/29
,,,,/*N:1 {::[P01]local:1:I.Data.30} NOFILL DP:0*/   local:1:I.Data.30  I1/30,/*N:1 {::[P01]local:2:I.Data.30} NOFILL DP:0*/   local:2:I.Data.30  I1/30,/*N:1 {::[P01]local:3:I.Data.30} NOFILL DP:0*/   local:3:I.Data.30  I1/30,/*N:1 {::[P01]local:4:I.Data.30} NOFILL DP:0*/   local:4:I.Data.30  I1/30,,,,,/*N:1 {::[P01]local:1:O.Data.30} NOFILL DP:0*/   local:1:O.Data.30  I1/30,/*N:1 {::[P01]local:2:O.Data.30} NOFILL DP:0*/   local:2:O.Data.30  I1/30,/*N:1 {::[P01]local:3:O.Data.30} NOFILL DP:0*/   local:3:O.Data.30  I1/30,/*N:1 {::[P01]local:4:O.Data.30} NOFILL DP:0*/   local:4:O.Data.30  I1/30
,,,,/*N:1 {::[P01]local:1:I.Data.31} NOFILL DP:0*/   local:1:I.Data.31  I1/31,/*N:1 {::[P01]local:2:I.Data.31} NOFILL DP:0*/   local:2:I.Data.31  I1/31,/*N:1 {::[P01]local:3:I.Data.31} NOFILL DP:0*/   local:3:I.Data.31  I1/31,/*N:1 {::[P01]local:4:I.Data.31} NOFILL DP:0*/   local:4:I.Data.31  I1/31,,,,,/*N:1 {::[P01]local:1:O.Data.31} NOFILL DP:0*/   local:1:O.Data.31  I1/31,/*N:1 {::[P01]local:2:O.Data.31} NOFILL DP:0*/   local:2:O.Data.31  I1/31,/*N:1 {::[P01]local:3:O.Data.31} NOFILL DP:0*/   local:3:O.Data.31  I1/31,/*N:1 {::[P01]local:4:O.Data.31} NOFILL DP:0*/   local:4:O.Data.31  I1/31
